,MSE,RMSE,MAE,RMSLE,R^2,Mean Residual Deviance,Residual deviance,model
1,0.00845463106671511,0.09194906778600373,0.06820889328980023,0.09659348591882443,-0.09129943577404775,0.00845463106671511,19.8092005893135,StackedEnsemble_BestOfFamily_1_AutoML_1_20220610_171527
1,0.00845463106671511,0.09194906778600373,0.06820889328980023,0.09659348591882443,-0.09129943577404775,0.00845463106671511,19.8092005893135,StackedEnsemble_AllModels_1_AutoML_1_20220610_171527
1,0.008385276987680124,0.091571158055799,0.06787465685436123,0.09622802331669424,-0.08234741093437425,0.008385276987680124,19.646703982134532,GLM_1_AutoML_1_20220610_171527
1,0.008529798329117511,0.09235690731676495,0.06838919891860713,0.0970264371558822,-0.10100180958564575,0.008529798329117511,,GBM_1_AutoML_1_20220610_171527
1,0.008637133580197924,0.0929361801463667,0.0689279005210615,0.09756063455710122,-0.11485633475870372,0.008637133580197924,,GBM_2_AutoML_1_20220610_171527
1,0.008682443385810472,0.09317962967199683,0.06920475573911175,0.09777544680985785,-0.12070479401255207,0.008682443385810472,,GBM_3_AutoML_1_20220610_171527
1,0.008795985706947493,0.09378691650197,0.0697744841735319,0.098328822227018,-0.13536050991730875,0.008795985706947493,,GBM_4_AutoML_1_20220610_171527
1,0.011440505409078774,0.10696029828435771,0.08120783312966896,0.11029444056002502,-0.4767074990474338,0.011440505409078774,,XRT_1_AutoML_1_20220610_171527
1,0.011885779053803213,0.10902192006107402,0.08264677326774757,0.11217175500534031,-0.5341821390900812,0.011885779053803213,,DRF_1_AutoML_1_20220610_171527
